url,date,title,content,keyword,publisher,scraped_at,description
https://news.detik.com/kolom/d-8171143/membaca-setahun-pemerintahan-prabowo-dari-kacamata-sishankamrata,21/10/2025,Membaca Setahun Pemerintahan Prabowo dari Kacamata Sishankamrata,"Satu tahun pemerintahan Prabowo-Gibran, adalah waktu yang cukup untuk membaca arah kepemimpinan mereka sekaligus menilai konsistensi antara janji dan realitas. Dalam banyak hal, pemerintahan ini memang berbeda dari pendahulunya. Prabowo membawa gaya kepemimpinan yang lebih tegas, langsung, dan bernuansa strategis. Di balik program populis seperti Makan Bergizi Gratis dan prioritas besar pada pendidikan serta kesehatan, sesungguhnya tersimpan fondasi konseptual yang lebih dalam. Semua kebijakan besar itu menunjukkan bahwa Prabowo tengah mengeja ulang gagasan lama yang menjadi pilar pertahanan nasional Indonesia, yaitu Sistem Pertahanan dan Keamanan Rakyat Semesta atau Sishankamrata. Bedanya, kali ini konsep itu tidak lagi hanya dilihat dari sisi militer, melainkan sebagai strategi ketahanan nasional berbasis pembangunan manusia. SCROLL TO CONTINUE WITH CONTENT Sejak masa kampanye, Prabowo berbicara tentang pentingnya kemandirian, keadilan, dan keberdayaan bangsa. Setelah berkuasa, ia berusaha mewujudkannya melalui dua jalur besar. Pertama, memperkuat postur pertahanan negara dengan modernisasi alutsista, peningkatan kapasitas komponen cadangan, dan penguatan diplomasi pertahanan. Kedua, membangun rakyat sebagai benteng utama melalui pendidikan, kesehatan, dan ekonomi kerakyatan. Di sinilah makna Sishankamrata versi baru itu hidup kembali. Bila dulu rakyat dipandang sebagai pendukung pertahanan, kini mereka menjadi inti dari sistem ketahanan itu sendiri. Bangsa yang cerdas, sehat, dan sejahtera akan lebih tangguh menghadapi ancaman global, baik dalam bentuk perang informasi, krisis pangan, disrupsi digital, maupun ancaman ekonomi global yang tidak menentu. Namun ambisi besar itu menuntut tata kelola yang sama besarnya. Program Makan Bergizi Gratis yang digadang-gadang sebagai simbol keberpihakan kepada rakyat kecil, misalnya, berangkat dari semangat yang baik. Tujuannya adalah memperkuat kualitas sumber daya manusia sejak dini melalui intervensi gizi. Tetapi dalam praktiknya, kebijakan ini menghadapi banyak persoalan, dari pendataan penerima hingga pengawasan mutu bahan pangan. Di beberapa daerah bahkan muncul kasus keracunan yang menimbulkan korban dan krisis kepercayaan publik. Dalam perspektif Sishankamrata, kegagalan semacam ini tidak hanya soal sosial atau kesehatan. Ia merupakan kegagalan dalam membangun pertahanan non-militer yang menjadi basis kekuatan bangsa. Karena itu, langkah korektif seperti moratorium terbatas, evaluasi independen, dan audit menyeluruh sangat diperlukan agar program ini kembali pada tujuan semula yaitu menyehatkan rakyat, bukan menambah beban negara. Sementara itu, ekonomi makro Indonesia masih menunjukkan stabilitas yang cukup terjaga. Pertumbuhan berada di kisaran lima persen dan inflasi tetap terkendali di bawah tiga persen. Investasi naik dan cadangan devisa kuat. Namun pertanyaan yang lebih substansial adalah sejauh mana pertumbuhan itu menetes ke bawah? Masalah ketimpangan sosial, daya beli, dan kesempatan kerja masih menjadi tantangan besar. Bila Prabowo ingin menjadikan ekonomi sebagai bagian dari ketahanan nasional, maka arah kebijakannya harus lebih tegas pada kedaulatan ekonomi rakyat. Hilirisasi sumber daya alam perlu dibarengi dengan peningkatan kemampuan industri dalam negeri, transfer teknologi, serta perlindungan terhadap petani, nelayan, dan UMKM sebagai tulang punggung ekonomi nasional. Kebijakan fiskal juga perlu dijaga agar tidak berubah menjadi jebakan populisme. Program besar seperti Makan Bergizi Gratis memerlukan biaya sangat besar yang jika tidak dikendalikan dapat memperlebar defisit. Di sisi lain, efisiensi anggaran kementerian dan transfer ke daerah tidak boleh menurunkan kualitas layanan publik. Pemerintah perlu menunjukkan keseimbangan antara keberanian mengambil kebijakan besar dengan disiplin fiskal yang kuat agar stabilitas ekonomi tetap terjaga. Dalam bidang politik dan hukum, stabilitas sejauh ini relatif baik. Koalisi Indonesia Maju berhasil menjaga hubungan antarpartai tetap solid. Tidak ada konflik politik besar dan pemerintahan berjalan tanpa gejolak berarti. Namun stabilitas tidak selalu berarti kemajuan demokrasi. Proses legislasi yang dinilai terlalu cepat, dan dianggap minim partisipasi publik. Publik juga menyoroti lambannya pembahasan RUU Perampasan Aset yang sangat diharapkan sebagai instrumen kuat pemberantasan korupsi. Keterlambatan ini memperlihatkan jarak antara aspirasi rakyat dan agenda politik di Senayan. Padahal, jika dilihat dari sudut pandang ketahanan nasional, pemulihan aset hasil kejahatan negara merupakan bagian penting dalam menjaga keutuhan dan keadilan bangsa. Negara yang gagal menegakkan hukum tidak akan pernah tangguh di hadapan ancaman apa pun. Dalam konteks keamanan nasional, Prabowo melanjutkan upaya reformasi TNI dan modernisasi sistem pertahanan. Pembentukan komponen cadangan serta penguatan pertahanan siber dan maritim menjadi langkah strategis di tengah dinamika geopolitik Indo-Pasifik. Namun sejumlah kebijakan yang membuka ruang lebih luas bagi militer untuk masuk ke jabatan sipil menuai kekhawatiran. Banyak pihak menilai langkah itu bisa membuka kembali ruang dwifungsi yang telah ditinggalkan sejak reformasi. Pemerintah harus memastikan bahwa keterlibatan militer dalam urusan sipil tidak melemahkan prinsip supremasi sipil dan demokrasi yang menjadi fondasi Sishankamrata itu sendiri. Reformasi TNI harus berjalan beriring dengan reformasi Polri agar keduanya mampu berfungsi secara sinergis dalam satu sistem keamanan nasional yang terpadu. Di sisi lain, Polri menghadapi tantangan besar untuk memulihkan kepercayaan publik setelah sejumlah kasus pelanggaran etik dan kekerasan yang mencoreng citra institusi. Pembentukan Komite Reformasi Polri merupakan langkah awal, tetapi substansi perubahan ada pada kemauan institusi untuk membuka diri terhadap pengawasan publik. Oleh sebab itu, transparansi rekrutmen, penegakan hukum yang adil, dan akuntabilitas internal harus menjadi agenda utama. Tanpa reformasi mendalam, Polri akan sulit mengembalikan legitimasi moralnya di mata rakyat. Satu aspek yang paling menarik dari setahun pemerintahan Prabowo-Gibran adalah bangkitnya partisipasi politik generasi muda terutama Gen Z. Akhir agustus lalu, Indonesia menyaksikan bagaimana kuat penetrasi gerakan mereka. Mereka bukan lagi sekadar penonton di panggung demokrasi, melainkan aktor yang mulai mengubah dinamika politik nasional. Kelompok ini lahir dan tumbuh dalam era digital, terbiasa berpikir cepat, kritis, dan berjejaring lintas batas. Mereka tidak menunggu ruang partisipasi dibuka oleh negara atau partai politik, tetapi menciptakannya sendiri melalui media sosial, komunitas, dan gerakan akar rumput. Fenomena ini menandai perubahan besar dalam ekologi politik Indonesia. Gen Z tidak mudah tunduk pada otoritas politik lama dan tidak puas dengan retorika ideologis tanpa substansi. Mereka menuntut transparansi, konsistensi, dan keberpihakan nyata terhadap isu-isu yang mereka anggap penting, seperti perubahan iklim, kesetaraan sosial, etika digital, dan tata kelola pemerintahan yang bersih. Dalam banyak kasus, energi mereka justru lahir dari kekecewaan terhadap lembaga-lembaga formal yang dianggap jauh dari aspirasi publik. Prabowo tampak menyadari potensi besar ini. Ia berupaya menampilkan citra sebagai pemimpin yang bisa menjangkau generasi muda dengan gaya komunikasi yang lugas dan simbolisme nasionalis yang kuat. Namun tantangannya tidak kecil. Energi Gen Z bersifat spontan, cair, dan sulit dikendalikan. Mereka cepat bergerak tetapi juga cepat berubah arah. Jika tidak dikelola dengan pendekatan yang tepat, semangat kritis ini bisa berubah menjadi disrupsi sosial yang sulit dikendalikan. Fenomena politik Gen Z bukan hanya terjadi di Indonesia. Di berbagai belahan dunia, generasi ini mulai menjadi kekuatan politik yang menantang status quo. Salah satu contoh terbaru datang dari Madagaskar, di mana gelombang protes besar yang dipelopori mahasiswa dan pelajar muda mengguncang stabilitas politik negara itu. Mereka menuntut reformasi pemerintahan, keadilan sosial, serta transparansi anggaran publik. Gerakan tersebut berawal dari isu korupsi dan ketimpangan ekonomi, namun dengan cepat berkembang menjadi gerakan moral nasional yang menolak politik lama yang dianggap tertutup dan elitis. Aksi Gen Z di Madagaskar menunjukkan satu hal penting, bahwa generasi muda di manapun memiliki pola gerakan yang mirip - lahir dari frustrasi terhadap ketimpangan dan ketidakadilan, lalu bergerak melalui jaringan digital dengan narasi moral dan solidaritas horizontal. Fenomena ini bisa menjadi cermin bagi Indonesia. Jika partai politik dan lembaga negara gagal beradaptasi, bukan tidak mungkin energi politik Gen Z akan menjelma menjadi kekuatan oposisi nonformal yang sulit diajak berdialog. Oleh karena itu, tantangan terbesar pemerintah dan partai politik di Indonesia bukan hanya bagaimana mengakomodasi Gen Z, tetapi bagaimana menginstitusionalisasikan energi mereka dalam mekanisme demokrasi yang sehat tanpa mematikan daya kritis dan idealismenya. Diperlukan ruang dialog yang otentik antara generasi muda dan pengambil kebijakan, baik melalui reformasi pendidikan politik, keterbukaan data publik, maupun akses nyata ke dalam proses pembuatan kebijakan. Jika dikelola dengan baik, generasi muda dapat menjadi kekuatan baru dalam konsep Sishankamrata modern-cadangan intelektual dan moral bangsa yang siap menjaga negara dari ancaman internal berupa apatisme, disinformasi, dan korupsi. Tetapi jika diabaikan, mereka justru bisa menjadi kekuatan korektif yang melawan dari luar sistem. Pada akhirnya, masa depan demokrasi Indonesia akan sangat ditentukan oleh sejauh mana negara mampu memahami bahasa dan semangat generasi ini - generasi yang tidak menunggu perubahan, tetapi menciptakannya sendiri. Satu tahun pemerintahan Prabowo-Gibran memperlihatkan arah yang jelas, tetapi juga menunjukkan bahwa jalan menuju cita-cita besar masih panjang. Program populis seperti MBG, pembangunan pertahanan, serta hilirisasi industri baru menyentuh lapisan permukaan. Untuk menjadikannya pondasi ketahanan bangsa, diperlukan konsistensi, evaluasi berkelanjutan, dan keberanian koreksi. Pemerintah harus berani mengakui kesalahan dan memperbaikinya dengan cepat. Jika kita membaca semua langkah ini melalui kacamata Sishankamrata, maka terlihat bahwa Prabowo tidak sedang membangun negara hanya dengan senjata, melainkan dengan manusia. Ia mencoba menempatkan rakyat bukan sekadar objek kebijakan, tetapi subjek pertahanan nasional. Visi ini sesungguhnya amat relevan di tengah dunia yang semakin kompetitif. Di era di mana ancaman tidak selalu datang dalam bentuk perang, tetapi dalam bentuk disinformasi, krisis pangan, dan ketimpangan global, kekuatan sejati bangsa memang harus lahir dari rakyat yang sehat, berpendidikan, dan berdaulat secara ekonomi. Namun semua itu akan bermakna hanya jika pemerintahan mampu menjaga kepercayaan rakyat. Ketahanan sejati tidak diukur dari jumlah senjata atau pertumbuhan ekonomi semata, melainkan dari seberapa kuat hubungan antara pemerintah dan rakyatnya. Satu tahun ini menjadi ujian awal apakah Prabowo-Gibran mampu mewujudkan visi besar itu atau justru terjebak dalam retorika populis yang kehilangan arah. Sejarah memberi waktu terbatas bagi setiap pemimpin. Prabowo kini berada di persimpangan antara menjadi reformis sejati atau sekadar melanjutkan tradisi kekuasaan. Jika ia berhasil menuntaskan pekerjaan rumah besar di bidang hukum, memperbaiki tata kelola program sosial, memperkuat demokrasi partisipatif, dan menjaga disiplin fiskal, maka model advance dari konsep Sishankamrata yang ia bangun akan tercatat sebagai warisan strategis bagi generasi mendatang. Tetapi jika tidak, visi besar itu hanya akan tinggal slogan indah di tengah rakyat yang tetap menunggu janji ditepati. Wallahualam bi sawab. Wim Tohari Daniealdi . Dosen FISIP, UNIKOM, Bandung. Simak juga Video: Sederet Capaian 1 Tahun Kabinet Merah Putih Pemerintahan Prabowo-Gibran",prabowo,detikNews,2025-10-21T15:05:56.305894,"Satu tahun pemerintahan Prabowo-Gibran, adalah waktu yang cukup untuk membaca arah kepemimpinan mereka sekaligus menilai konsistensi antara janji dan realitas."
https://news.detik.com/berita/d-8171239/refleksi-ekonomi-ri-di-tahun-pertama-pemerintahan-prabowo,21/10/2025,Refleksi Ekonomi RI di Tahun Pertama Pemerintahan Prabowo,"Presiden Prabowo memberikan sejumlah gebrakan di sektor ekonomi RI. Tujuan berbagai program tersebut adalah mencapai target pertumbuhan ekonomi 8 persen sesuai visi yang ia ungkapkan di awal masa pemerintahannya. Meski demikian, perlu diakui jika untuk mencapai visi tersebut, Prabowo - Gibran harus jalan terseok-seok di tengah berbagai kondisi geopolitik yang menjadi faktor besar yang mempengaruhi ekonomi dalam negeri. Salah satu kebijakan yang membuat masyarakat bereaksi adalah kebijakan efisiensi. Seperti diketahui, Presiden Prabowo mengencangkan ikat pinggang keuangan pemerintah dalam rangka memenuhi kebutuhan masyarakat. Mengutip rilis Sekretariat Presiden, dana hasil efisiensi dapat dialihkan untuk membiayai program-program prioritas yang menyentuh langsung kehidupan masyarakat. Hal tersebut seperti irigasi, kesehatan, pendidikan, dan penguatan ketahanan pangan. Soal rapor kinerja ekonomi presiden, sebenarnya sudah bisa dilihat dari laporan pertumbuhan ekonomi RI. Terbaru, berdasarkan itung-itungan BPS, Indonesia berhasil menjaga pertumbuhan ekonomi RI sebesar 5,12 persen pada triwulan kedua. Meski menuai banyak kritik, pemerintah lewat Menteri Keuangan meyakini kebenaran angka yang dirilis oleh BPS tersebut. SCROLL TO CONTINUE WITH CONTENT ""Ya kan kita lihat semua indikator berdasarkan BPS, mengenai rumah tangga juga dari mereka. Jadi saya rasa BPS tetap berpegang kepada integritas pada datanya,"" kata Mantan Menkeu RI, Sri Mulyani, dikutip dari detikFinance Rabu (6/8). Merangkum detikFinance , seluruh lapangan usaha tumbuh positif pada kuartal II-2025. Sementara itu dari sisi pengeluaran, pertumbuhan terjadi pada hampir semua komponen pengeluaran kecuali komponen konsumsi pemerintah yang mengalami kontraksi 0,33%. Pertumbuhan tertinggi dicapai oleh Komponen Ekspor Barang dan Jasa sebesar 10,67%; diikuti Komponen Lembaga Non-Profit yang Melayani Rumah Tangga (LNPRT) sebesar 7,82%; Komponen Pembentukan Modal Tetap Bruto (PMTB) sebesar 6,99%. Presiden Prabowo juga sempat meluncurkan stimulus ekonomi. Terbaru, Pemerintah kembali meluncurkan paket stimulus ekonomi berupa Bantuan Langsung Tunai (BLT) dan membuka program magang nasional. Mengutip detikFinance , perpanjangan program BLT hingga Desember 2025 akan menyasar 35,46 juta penerima manfaat langsung, dengan efek tidak langsung ke lebih dari 100 juta warga. Besaran bantuan yang lebih tinggi dibanding periode sebelumnya diproyeksikan memperkuat konsumsi rumah tangga dan menjaga roda ekonomi lokal tetap berputar. Secara umum, Presiden Prabowo menyebut jika pertumbuhan ekonomi masih berada di arah positif dan stabil. Hal tersebut diungkapkan dalam Sidang Kabinet Paripurna (SKP) yang digelar di Istana Negara, Jakarta, pada Senin, 20 Oktober 2025. ""Di tengah kondisi seperti ini di mana keadaan geopolitik begitu tidak menentu, geoekonomi pun tidak menentu, di mana mata rantai komoditas-komoditas strategis pasti terpengaruh oleh keadaan geopolitik dunia yang tidak menentu. Energi, pangan sangat rawan terhadap ketidakpastian geopolitik dan geoekonomi ini. Alhamdulillah kita mampu menjaga pertumbuhan ekonomi masih tetap tinggi dibandingkan seluruh dunia, kita berada di 5 persen,"" kata Prabowo. Lalu bagaimana pakar melihat kondisi ekonomi RI setahun belakangan? Apa evaluasi yang perlu disampaikan untuk memperbaiki celah-celah yang ada? Menghadirkan Pakar ekonomi INDEF, Tauhid Ahmad, ikuti diskusinya dalam Editorial Review. Beralih ke wilayah paling timur Indonesia, detikSore akan mengulas peristiwa tewasnya sejumlah anggota OPM di Papua akibat serangan TNI. seperti ditulis detikcom , tim Komando Operasi Swasembada menembak mati 4 anggota Organisasi Papua Merdeka (OPM) di Kiwirok, Kabupaten Pegunungan Bintang, Papua Pegunungan. Salah satunya merupakan Panglima Kodap XV Ngalum Kupel, Lamek Alipky Taplo. Atas informasi intelijen yang menunjukkan adanya aktivitas kelompok OPM pimpinan Lamek Taplo, TNI melakukan penyerangan ke markas OPM di Distrik Kiwirok, Pegunungan Bintang pada Minggu (19/10). Bagaimana situasi terbaru di sana? Ikuti ulasannya dalam Berita Nusantara. Jelang petang nanti, detikSore akan membahas tren olahraga lari yang belakangan masih digandrungi banyak orang. Di tengah semangat masyarakat untuk hidup lebih sehat lewat berlari, muncul berbagai komunitas yang membawa warna tersendiri, salah satunya Komunitas Skolari. Komunitas ini muncul usai adanya sejumlah kegelisahan pemula yang awam terhadap teknik lari. Lantas, apa bentuk edukasi olahraga lari yang diajarkan komunitas ini? Bagaimana Skolari melihat tren lari saat ini? temukan jawabannya bersama Rinaldi Usman selaku founder Skolari dalam segmen Sunsetalk nanti. Ikuti terus ulasan mendalam berita-berita hangat detikcom dalam sehari yang disiarkan secara langsung langsung (live streaming) pada Senin-Jumat, pukul 15.30-18.00 WIB, di 20.detik.com dan TikTok detikcom. Jangan ketinggalan untuk mengikuti analisis pergerakan pasar saham jelang penutupan IHSG di awal acara. Sampaikan komentar Anda melalui kolom live chat yang tersedia. ""Detik Sore, Nggak Cuma Hore-hore!""",prabowo,detikNews,2025-10-21T15:05:57.855329,Bagaimana pakar melihat kondisi ekonomi RI setahun belakangan? Apa evaluasi yang perlu disampaikan untuk memperbaiki celah-celah yang ada?
https://finance.detik.com/industri/d-8171229/prabowo-minta-menteri-pakai-mobil-maung-purbaya-bicara-soal-kesiapan-anggaran,21/10/2025,"Prabowo Minta Menteri Pakai Mobil Maung, Purbaya Bicara soal Kesiapan Anggaran","Menteri Keuangan Purbaya Yudhi Sadewa menegaskan kesiapannya menyalurkan dana pengadaan kendaraan dinas Maung bagi para menteri dan wakil menteri. Namun, realisasi program itu masih menunggu kesiapan produksi dari industri dalam negeri. Purbaya menjelaskan, anggaran sebenarnya sudah disiapkan tahun ini. Namun, penyalurannya ditunda karena kapasitas produksi PT Pindad, sebagai produsen kendaraan Maung, belum mencukupi. ""Tahun ini harusnya ada (anggaran), tapi rupanya kapasitas PT Pindad belum cukup. Jadi (anggarannya) dikembalikan tahun ini,"" ujarnya di kantor Kemenkeu, dikutip dari Antara, Selasa (21/10/2025). SCROLL TO CONTINUE WITH CONTENT Ia menambahkan, pencairan anggaran untuk kendaraan taktis ringan Maung akan disesuaikan dengan kesiapan industri. Jika produksi dalam negeri sudah mampu memenuhi permintaan, Kementerian Keuangan siap menyalurkan dana tersebut. ""Tergantung industrinya. Kalau saya kan targetkan uangnya ada. Tapi nanti kalau saya ikut campur ke industri, dibilang cawe-cawe. Tapi kami siap,"" tambah Purbaya. Sebelumnya, Presiden Prabowo Subianto menyampaikan bahwa Indonesia akan membangun pabrik mobil nasional. Saat ini, ia sendiri sudah menggunakan mobil Maung buatan PT Pindad Bandung sebagai kendaraan dinas RI 1. Prabowo juga meminta seluruh anggota Kabinet Merah Putih untuk menggunakan mobil buatan dalam negeri, termasuk Maung. Orang nomor satu di Indonesia itu bahkan sempat berkelakar bahwa para menteri boleh menggunakan mobil-mobil mewahnya hanya saat libur atau ketika tidak dipanggil olehnya. ""Sebentar lagi saudara semua juga harus pakai Maung, saya nggak mau tahu. Mobil bagus dipakai pas libur saja. Atau saat saya nggak panggil, boleh lah pakai mobil itu,"" ujar Prabowo dalam Sidang Kabinet Paripurna di Istana Negara, Jakarta Pusat, Senin (20/10/2025).",prabowo,detikFinance,2025-10-21T15:05:59.462134,Menkeu Purbaya Yudhi Sadewa menegaskan kesiapannya menyalurkan dana pengadaan kendaraan dinas Maung bagi para menteri dan wakil menteri.
https://20.detik.com/detikupdate/20251021-251021086/video-wamen-lh-target-prabowo-100-sampah-terkelola-di-2029-sangat-agresif,21/10/2025,Video Wamen LH: Target Prabowo 100% Sampah Terkelola di 2029 Sangat Agresif,N/A,prabowo,20Detik,2025-10-21T15:06:14.086864,-
https://www.detik.com/jatim/bisnis/d-8171059/pupuk-indonesia-catat-capaian-strategis-di-tahun-pertama-prabowo-gibran,21/10/2025,Pupuk Indonesia Catat Capaian Strategis di Tahun Pertama Prabowo-Gibran,"Memasuki satu tahun pemerintahan Presiden Prabowo Subianto dan Wakil Presiden Gibran Rakabuming Raka, PT Pupuk Indonesia (Persero) mencatat sejumlah capaian penting dalam mendukung visi swasembada pangan nasional. Melalui berbagai kebijakan strategis di sektor pupuk, pemerintah dan Pupuk Indonesia berhasil memperkuat ketersediaan, keterjangkauan, serta efisiensi distribusi pupuk bagi petani di seluruh Indonesia. Direktur Utama Pupuk Indonesia Rahmad Pribadi mengatakan, tahun pertama pemerintahan Prabowo-Gibran menjadi tonggak baru bagi reformasi tata kelola pupuk nasional. SCROLL TO CONTINUE WITH CONTENT ""Atas dukungan penuh dari Bapak Presiden serta seluruh jajaran pemerintahan, tahun ini kita dapat menyaksikan berbagai langkah strategis yang menjadi tonggak baru bagi sektor pupuk nasional,"" terangnya dalam siaran pers yang diterima detikJatim, Selasa (21/10/2025). Salah satu langkah penting adalah reformasi tata kelola pupuk subsidi melalui Peraturan Presiden (Perpres) Nomor 6 Tahun 2025 dan Peraturan Menteri Pertanian (Permentan) Nomor 15 Tahun 2025. Kedua regulasi tersebut memangkas 145 aturan lama terkait tata kelola pupuk, sehingga rantai distribusi menjadi lebih singkat dan efisien. Melalui kebijakan baru ini pemerintah memperluas titik serah pupuk subsidi menjadi empat. Yaitu di tingkat pengecer, koperasi, gabungan kelompok tani (gapoktan), dan kelompok pembudidaya ikan (pokdakan). Kebijakan ini memudahkan petani dalam mengakses pupuk sekaligus meningkatkan akuntabilitas dan transparansi penyaluran. ""Pupuk Indonesia mengapresiasi penuh kebijakan pemerintah yang menghadirkan sistem distribusi pupuk yang lebih efisien dan berkeadilan. Kami berkomitmen untuk menjalankan seluruh regulasi tersebut secara konsisten agar petani mendapatkan pupuk tepat waktu dan tepat sasaran,"" kata Rahmad. Langkah reformasi tersebut membawa dampak signifikan terhadap percepatan penyaluran pupuk subsidi. Untuk pertama kalinya dalam sejarah, distribusi pupuk subsidi dapat dimulai tepat pada 1 Januari 2025, bertepatan dengan awal musim tanam. Hingga 19 Oktober 2025, Pupuk Indonesia telah menyalurkan 6,14 juta ton pupuk subsidi, atau 64% dari total alokasi nasional sebesar 9,55 juta ton. Angka ini meningkat 10% dibanding periode yang sama pada 2024 dan naik 23% dibanding 2023. Menurut Rahmad, kelancaran penyaluran pupuk turut mendorong peningkatan produktivitas pertanian nasional. Pencapaian ini sejalan dengan pernyataan Presiden Prabowo Subianto dalam Sidang Majelis Umum ke-80 PBB di New York, bahwa tahun 2025 menjadi tonggak sejarah baru karena Indonesia berhasil mencapai swasembada pangan sekaligus mulai mengekspor beras ke berbagai negara. Ke depan, Pupuk Indonesia berkomitmen memperkuat perannya dalam mendukung ketahanan pangan nasional. Perusahaan akan memastikan ketersediaan pupuk hingga tingkat pengecer, sehingga petani dapat dengan mudah melakukan penebusan, terutama pada masa tanam. ""Pupuk Indonesia akan terus berkontribusi melalui penyediaan pupuk berkualitas dan tata kelola yang transparan untuk menjaga kedaulatan pangan Indonesia,"" pungkasnya.",prabowo,detikJatim,2025-10-21T15:06:15.729887,"Pupuk Indonesia catat capaian penting di tahun pertama pemerintahan Prabowo-Gibran, memperkuat distribusi pupuk subsidi dan mendukung swasembada pangan."
https://www.detik.com/edu/sekolah/d-8170952/apa-itu-sekolah-terintegrasi-prabowo-targetkan-7-000-sekolah-mulai-2026,21/10/2025,Apa Itu Sekolah Terintegrasi? Prabowo Targetkan 7.000 Sekolah Mulai 2026,"Presiden Prabowo Subianto berencana akan membangun sebanyak 7.000 sekolah terintegrasi mulai 2026 mendatang. Apa sekolah terintegrasi itu? ""Kita bangun sekolah terintegrasi di setiap kecamatan. Berarti kita mungkin mesti membangun 7.000 sekolah terintegrasi ini,"" kata Prabowo saat Sidang Kabinet Paripurna setahun pemerintahan dalam tayangan YouTube Sekretaris Presiden, dikutip Selasa (21/10/2025). Ide Prabowo dalam menggagas sekolah terintegrasi muncul karena selama ini jenjang sekolah SD hingga SMA masih terpisah. Padahal, ia melihat saat ini sudah mulai banyak SD kosong karena angka kelahiran menurun. SCROLL TO CONTINUE WITH CONTENT ""Maksudnya sekarang SD-SMP-SMA/SMK terpisah. Padahal ada fenomena, mungkin angka kelahiran menurun, banyak SD kita kosong,"" tuturnya. Mengutip Antara, secara sederhana sekolah terintegrasi dapat dipahami sebagai sekolah yang menyatukan jenjang pendidikan SD, SMP, dan SMA/SMK. Jenjang-jenjang tersebut akan disatukan dalam satu kawasan terpadu. Sekolah terintegrasi ditujukan bagi siswa dari keluarga tidak mampu yang masuk kategori desil 3-5. Sekolah ini menjadi bagian dari pemerataan pendidikan, di samping Sekolah Rakyat dan Sekolah Garuda. Prabowo berharap sekolah terintegrasi memiliki fasilitas yang tak kalah lengkap. Ia juga ingin keberadaan sekolah ini memiliki dampak yang luas. ""Tiap sekolah terintegrasi harus punya laboratorium yang cukup bagus, laboratorium matematika, kimia, biologi, laboratorium bahasa,"" katanya. Selain itu, kurikulum sekolah terintegrasi menurut Prabowo harus mendorong siswa mahir dalam berbagai bahasa, seperti Inggris, Mandarin, Arab, Jepang hingga Korea. Tak hanya itu, sekolah terintegrasi juga harus mencetak lulusan yang siap bersaing menghadapi kebutuhan pasar global. ""Ini belum boleh disebut prestasi, baru embrio konsep. Namun, sudah saatnya kita pikirkan sistem pendidikan yang terintegrasi, efisien, dan relevan dengan kebutuhan masa depan,"" jelas Presiden. Prabowo menyebut pihaknya akan membentuk satuan tugas (satgas) yang berfokus menyiapkan pembangunan sekolah terintegrasi. Nantinya, sekolah ini akan tersebar di setiap kecamatan. Satgas ini akan melibatkan kementerian yang menangani pendidikan seperti Kementerian Pendidikan Dasar dan Menengah (Kemendikdasmen), Kementerian Pendidikan Tinggi, Sains, dan Teknologi (Kemendiktisaintek). ""Ini sedang saya susun, saya minta Kemendiktisaintek sama Kemendikdasmen, mungkin dibantu oleh kementerian lain juga, menyusun suatu satgas khusus untuk mempelajari. Kita membangun sekolah terintegrasi di setiap kecamatan,"" katanya.",prabowo,detikEdu,2025-10-21T15:06:18.515839,"Selain Sekolah Garuda dan Sekolah Rakyat, Presiden Prabowo punya ambisi bangun 7.000 sekolah terintegrasi. Apa itu?"
https://news.detik.com/berita/d-8171010/prabowo-teken-perpres-110-2025-menhut-tonggak-percepat-investasi-hijau,21/10/2025,"Prabowo Teken Perpres 110/2025, Menhut: Tonggak Percepat Investasi Hijau","Presiden Prabowo Subianto menandatangani Peraturan Presiden (Perpres) Nomor 110 Tahun 2025 tentang Penyelenggaraan Instrumen Nilai Ekonomi Karbon dan Pengendalian Emisi Gas Rumah Kaca Nasional pada 10 Oktober 2025. Menteri Kehutanan Raja Juli Antoni menilai Perpres ini menjadi tonggak penting dalam perjalanan ekonomi hijau Indonesia. ""Satu tahun pemerintahan Prabowo-Gibran menunjukkan komitmen kuat pada masa depan ekonomi hijau Indonesia. Perpres Nomor 110 Tahun 2025 ini menjadi tonggak penting dalam mempercepat investasi hijau, memperkuat green growth , serta memaksimalkan kontribusi Indonesia terhadap target iklim nasional dan global,"" kata Raja Juli, Selasa (21/10/2025). SCROLL TO CONTINUE WITH CONTENT Raja Juli menyebut Perpres ini menegaskan sektor kehutanan bukan hanya sebagai ekosistem. Tapi juga memegang posisi strategis dalam penyediaan carbon credit bernilai ekonomi tinggi. ""Perpres ini juga menegaskan bahwa sektor kehutanan memiliki posisi strategis bukan hanya sebagai penjaga ekosistem, tetapi juga sebagai penyedia carbon credit bernilai ekonomi tinggi,"" ujarnya. Raja Juli menyebut Perpres ini juga berdampak langsung terhadap peningkatan kesejahteraan masyarakat, khususnya melalui skema perhutanan sosial dan program rehabilitasi lahan kritis. Melalui mekanisme perdagangan karbon, masyarakat yang mengelola hutan kini berpeluang memperoleh nilai ekonomi nyata dari aktivitas pelestarian hutan. Usai terbitnya Perpres, Raja Juli akan menyiapkan sejumlah regulasi turunan berupa Peraturan Menteri (Permen) yang akan memperkuat tata kelola pasar karbon nasional. Empat regulasi yang disiapkan mencakup revisi Permen LHK Nomor 7 Tahun 2023, Permen LHK Nomor 8 Tahun 2021, Permen LHK Nomor 9 Tahun 2021, serta rancangan Permen KSDAE tentang pemanfaatan jasa lingkungan di kawasan konservasi. ""Kami pastikan pelaksanaan Perpres berjalan transparan, kredibel, dan berintegritas tinggi. Semua proses akan disinergikan dengan standar global agar Indonesia menjadi pusat pengembangan pasar karbon dunia,"" jelasnya. Selain itu, Perpres 110/2025 ini dinilai membuka peluang besar bagi pengembangan Nature-based Solutions (NbS) seperti reforestasi, restorasi mangrove, dan aforestasi. Melalui kebijakan ini, unit karbon dari proyek kehutanan dapat diperjualbelikan di pasar karbon domestik maupun internasional. Disebutkan, berdasarkan data BloombergNEF, nilai ekonomi karbon sektor kehutanan Indonesia menunjukkan potensi yang tinggi, mencapai hingga USD 7,7 miliar per tahun dengan asumsi rata-rata harga USD 15 per ton CO2e. ""Sektor kehutanan kini bukan hanya penjaga ekosistem, tapi juga penggerak utama ekonomi hijau nasional. Inilah era baru di mana pohon yang tumbuh juga berarti ekonomi rakyat yang ikut tumbuh,"" ujar Raja Juli. Simak juga Video: Menteri LH-Pandawara Raih Anugerah Figur Penggerak Ekonomi Hijau",prabowo,detikNews,2025-10-21T15:06:20.107960,Presiden Prabowo meneken Perpres 110/2025 untuk pengendalian emisi gas rumah kaca. Menhut menilai ini bakal mendorong percepatan investasi hijau.
https://news.detik.com/foto-news/d-8170038/prabowo-pimpin-sidang-kabinet-di-setahun-pemerintahan,20/10/2025,Prabowo Pimpin Sidang Kabinet di Setahun Pemerintahan,N/A,prabowo,Foto News,2025-10-21T15:06:34.158603,-
https://news.detik.com/berita/d-8171115/setahun-pemerintahan-prabowo-ahy-jadi-menteri-berkinerja-terbaik,21/10/2025,"Setahun Pemerintahan Prabowo, AHY Jadi Menteri Berkinerja Terbaik","Center of Economic and Law Studies (CELIOS) telah merilis hasil survei evaluasi kinerja satu tahun pemerintahan Presiden Prabowo Subianto dan Wakil Presiden Gibran Rakabuming Raka. Survei tersebut mengungkapkan penilaian masyarakat terhadap kinerja kabinet Merah Putih. Berdasarkan penilaian para ahli, Menteri Koordinator Bidang Infrastruktur dan Pembangunan Kewilayahan, Agus Harimurti Yudhoyono (AHY), mencatatkan capaian tertinggi di antara jajaran menteri dengan skor 50. Posisi berikutnya ditempati Nasaruddin Umar (Menteri Agama) yang memperoleh skor 48 dan Abdul Mu'ti (Menteri Pendidikan Dasar dan Menengah) dengan skor 44. Sementara itu berdasarkan penilaian masyarakat, AHY juga berada di posisi pertama dengan skor 1.042. Di posisi kedua ditempati oleh Nasaruddin Umar dengan skor 470, disusul oleh Abdul Mu'ti dengan skor 287. SCROLL TO CONTINUE WITH CONTENT Dalam survei ini, CELIOS menilai kinerja kabinet berdasarkan sejumlah komponen penilaian utama. Di antaranya meliputi pemenuhan janji politik, capaian program kerja, kesesuaian rencana kebijakan dengan kebutuhan publik, kualitas kepemimpinan, tata kelola anggaran, dan komunikasi kebijakan. Selain itu, komponen lainnya mencakup penegakan hukum, koordinasi lintas lembaga, pemberantasan korupsi, pengelolaan pajak dan pungutan, serta bantuan ekonomi harian kepada masyarakat. Setiap indikator menjadi dasar pengukuran efektivitas dan persepsi publik terhadap kinerja pemerintahan selama satu tahun terakhir. Sebagai informasi, survei tersebut terdiri atas 1.338 responden dari masyarakat umum dan 120 jurnalis sebagai penilai ahli. Di tengah rapor merah kabinet, AHY menjadi satu dari sedikit menteri yang mendapat apresiasi tinggi berkat efektivitas koordinasi lintas sektor dan pembangunan infrastruktur yang terarah. Simak juga Video: Sederet Capaian 1 Tahun Kabinet Merah Putih Pemerintahan Prabowo-Gibran",prabowo,detikNews,2025-10-21T15:06:35.658772,"Survei CELIOS menilai kinerja satu tahun pemerintahan Prabowo-Gibran. AHY mencatatkan skor tertinggi, diikuti Nasaruddin Umar dan Abdul Mu'ti."
https://news.detik.com/berita/d-8170897/setahun-pemerintahan-prabowo-gibran-projo-bicara-progres-mbg-sekolah-rakyat,21/10/2025,"Setahun Pemerintahan Prabowo-Gibran, Projo Bicara Progres MBG-Sekolah Rakyat","Ketum DPP Projo , Budi Arie Setiadi, menilai setahun pemerintah Prabowo Subianto-Gibran Rakabuming Raka berjalan sesuai program-program yang dicanangkan. Budi Arie bicara perkembangan program-program pemerintah. ""Proyeksi masa depan Pak Prabowo yang diwujudkan dalam program-program prioritas nasional sudah berjalan, pemerintahan Prabowo-Gibran setia berjuang untuk rakyat,"" kata Budi Arie dalam keterangannya, Selasa (21/10/2025). Budi Arie mencontohkan program-program seperti Makan Bergizi Gratis (MBG) yang terus berjalan dengan perbaikan signifikan. Perbaikan tata kelola serta sasaran masyarakat yang sangat membutuhkan dinilai terus dilakukan. SCROLL TO CONTINUE WITH CONTENT Program Koperasi Desa/Kelurahan Merah Putih (KDKMP) berdiri di 80 ribu lokasi. Pendampingan KDKM disebut sudah disiapkan untuk mempercepat manfaat bagi masyarakat. Sedangkan program stimulus ekonomi dalam waktu dekat dinilai mulai terlihat hasilnya. Program Sekolah Rakyat juga dinalai berguna untuk memutus mata rantai kemiskinan dengan memberikan akses pendidikan. Budi Arie menilai masyarakat melihat Prabowo dan Gibran berjuang di tengah tantangan geopolitik global. Ketidakpastian yang muncul disebut bisa diantisipasi dengan menggenjot program-program kemandirian bangsa. Swasembada pangan dan swasembada energi, menurut Budi Arie, menjadi prioritas strategis bangsa. Budi Arie menilai tidak ada keraguan bahwa pemerintah bekerja keras untuk meneruskan pembangunan sekaligus menata perekonomian untuk masa depan bangsa. ""Tidak mudah, tapi pasti bisa kita kerjakan dengan kepercayaan serta gotong-royong segenap komponen bangsa,"" imbuhnya. Simak juga Video Prabowo: 1,4 Miliar Porsi MBG Dibagikan Sejak Januari 2025",prabowo,detikNews,2025-10-21T15:06:37.283178,"Ketum Projo, Budi Arie Setiadi, menilai pemerintah Prabowo-Gibran telah menjalankan program prioritas dengan baik, termasuk MBG hingga KDKMP."
https://20.detik.com/detikupdate/20251021-251021012/video-prabowo-bentuk-kementerian-haji-atas-permintaan-arab-saudi,21/10/2025,Video: Prabowo Bentuk Kementerian Haji atas Permintaan Arab Saudi,N/A,prabowo,detikNews,2025-10-21T15:06:51.039193,"Presiden Prabowo mengungkap sebab Badan Penyelenggaraan Haji dan Umrah dibikin setara kementerian. Katanya, hal itu merupakan permintaan dari Arab Saudi."
https://www.detik.com/jogja/berita/d-8170715/cerita-prabowo-setahun-pakai-mobil-maung-ternyata-kangen-naik-alphard,21/10/2025,"Cerita Prabowo Setahun Pakai Mobil Maung, Ternyata Kangen Naik Alphard","Sudah setahun lamanya Presiden Prabowo Subianto menggunakan Maung, mobil buatan Indonesia, sebagai kendaraan dinasnya. Meski begitu, Prabowo mengaku kangen menaiki Alphard saat hendak melakukan kunjungan incognito. Dilansir detikNews, Selasa (21/10/2025), perasaan itu diungkapkan Prabowo saat menyampaikan arahan dalam sidang kabinet paripurna setahun pemerintahannya, di Istana Negara, Jakarta, Senin (20/10). Walaupun rindu menggunakan Alphard, Prabowo lebih memilih menaiki Maung sebagai teladan bagi pejabat lainnya. ""Kemarin saya berangkat, saya mau incognito jadi saya nggak mau pakai, saya pakai mobil biasa, tapi saya pakai Alphard, udah lama saya nggak menikmati Alphard, enak juga ini ya, ha-ha , tapi eets ... 'Prabowo, ingat kamu Presiden Republik Indonesia, harus beri contoh' ya sudah pakai Maung terus,"" ucapnya. SCROLL TO CONTINUE WITH CONTENT Lantas para menteri bakal diwajibkan untuk menggunakan Maung Pindad saat bertugas maupun memenuhi panggilan Istana. ""Dan sebentar lagi saudara-saudara semua harus pakai Maung, saya nggak mau tahu tu. Mobil-mobil bagus pakai kalau libur saja, ya pada saat saya nggak panggil kau, bolehlah kau pakai mobil itu,"" ujar Prabowo. Prabowo mengungkapkan Indonesia patut berbangga lantaran dapat memproduksi Maung. ""Kita sudah menghasilkan jip buatan Indonesia, jadi sekarang pejabat-pejabat kita, perwira-perwira kita bangga kita tidak pakai jip buatan negara lain, kita pakai jip buatan Indonesia sendiri,"" ujarnya. ""Komandan-komandan pasukan kita, kalau naik kendaraan mimpin pasukannya bangga, dia pakai jip buatan Indonesia. Presidenmu pakai jip buatan Indonesia,"" lanjut Prabowo.",prabowo,detikJogja,2025-10-21T15:06:52.980945,"Presiden Prabowo sudah setahun menggunakan Maung sebagai kendaraan dinas. Meski begitu, dia mengaku sempat kangen naik Alphard saat kunjungan incognito."